text,top_class,hate_speech,offensive_language,neither
brb,neither,0.03945320844208391,0.33037608806864915,0.630170703489267
I mean he posted controller but,neither,0.04284031174269881,0.30500874664659827,0.652150941610703
"@linnabrooks cool... was hoping he'd get one, but happy someone is cashing in on it",neither,0.041577887897518734,0.3669728670915239,0.5914492450109574
@conqueror3000g yh lol we must be crazy. lmao,neither,0.026736777091837395,0.4536664115947514,0.5195968113134113
