text,top_class,hate_speech,offensive_language,neither
lupoWAT,neither,0.03945320844208391,0.33037608806864915,0.630170703489267
!song,neither,0.038601720699969956,0.3448280572582511,0.616570222041779
"harveydentfoo -> ""Savior-Rise Against with lyrics"" by Tessa P is the current song. It was requested by Reconsapper",neither,0.03753773899694984,0.37950596005310683,0.5829563009499434
wow,neither,0.03945320844208391,0.33037608806864915,0.630170703489267
