text,top_class,hate_speech,offensive_language,neither
hey moon,neither,0.03945320844208391,0.33037608806864915,0.630170703489267
sup moon,neither,0.03945320844208391,0.33037608806864915,0.630170703489267
