text,top_class,hate_speech,offensive_language,neither
moonmoon you are messing up everyone's fapping to doom's voice right now with this song :P,offensive_language,0.05424436512128294,0.4755310434329659,0.4702245914457511
i know you know the lyrics streamer sing along,neither,0.05024473769369841,0.3499686691173814,0.5997865931889201
RETREAT,neither,0.03945320844208391,0.33037608806864915,0.630170703489267
MEN BEATING EAHCOTHER OFF,neither,0.03945320844208391,0.33037608806864915,0.630170703489267
this mayhem and this song is too much.,neither,0.041321775794478016,0.30537913081382295,0.6532990933916989
MY FAVORITE,neither,0.023139606186214773,0.46514787142531494,0.5117125223884703
WTF IS GOING ON,offensive_language,0.04774363239393513,0.6689481009601181,0.28330826664594677
welcome to the batting cages boi's,neither,0.043259000404285194,0.31689103471773494,0.63984996487798
