text,top_class,hate_speech,offensive_language,neither
trigger the full time streamers LUL,neither,0.0521992908667707,0.3278229209875173,0.6199777881457119
LOL,neither,0.020706217963973744,0.4882283491876925,0.4910654328483337
banned from twitch,neither,0.04036148306971713,0.3149602972298236,0.6446782197004592
