text,top_class,hate_speech,offensive_language,neither
LMAO,neither,0.03705015143476208,0.3711622369619404,0.5917876116032975
xD,neither,0.03945320844208391,0.33037608806864915,0.630170703489267
fuck you,offensive_language,0.39540277457088635,0.6045972250427779,3.863357671927309e-10
DEATH FROM ABOVE,neither,0.040535991533074536,0.3119984331758507,0.6474655752910748
