text,top_class,hate_speech,offensive_language,neither
"This has been fun, but it's fucking 3:30 in the morning",offensive_language,0.13205406131238343,0.8512569756001132,0.016688963087503433
Have fun and good morning,neither,0.04475975180882557,0.1622369288405424,0.7930033193506321
You bet,neither,0.07658383439192082,0.4277126490329465,0.49570351657513273
HeyGuys,neither,0.03945320844208391,0.33037608806864915,0.630170703489267
