text,top_class,hate_speech,offensive_language,neither
danDerp,neither,0.03945320844208391,0.33037608806864915,0.630170703489267
yes☹,neither,0.03945320844208391,0.33037608806864915,0.630170703489267
@Germ_turkey @tamiforged117 yes,neither,0.03945320844208391,0.33037608806864915,0.630170703489267
no,neither,0.036918905254960256,0.37338982715841207,0.5896912675866277
lol,neither,0.020706217963973744,0.4882283491876925,0.4910654328483337
that nade lag,neither,0.035126807190173845,0.3775266654705279,0.5873465273392982
@itz_bullz_i no,neither,0.036918905254960256,0.37338982715841207,0.5896912675866277
wait. stellur on eg and victory on naded's team???,neither,0.034371864040417505,0.31941274239159334,0.6462153935679892
yes,neither,0.03945320844208391,0.33037608806864915,0.630170703489267
damn victory gone eh :(,offensive_language,0.044461848195984796,0.7334225030457524,0.22211564875826284
That's what it's looking like @psy_lent,neither,0.05456772710947423,0.40238252137956565,0.5430497515109601
